{
  "timestamp": "2026-01-17T15:25:34.726831",
  "total_files": 5,
  "files": [
    {
      "filename": "MAVROS (1).pdf",
      "path": "vmr_downloads\\HR\\Live Employee\\1997\\11_Nov\\E SAHILJADHAV(12345)\\Internal Use\\MAVROS (1).pdf",
      "metadata": {
        "Classification": "HR - Recruitment",
        "Document Sub Type": "2. Resume",
        "Quick Reference": "mavros",
        "Document Date": "16-Jan-2026",
        "Expiry Date": "16-Jan-2028 00:00:00",
        "Offsite Location": "mavros_land",
        "On-Premises Location": "mavros_park",
        "Remarks": "very_bad",
        "Keywords": "MDS,MIH",
        "Document Type": "pdf",
        "Document SubType Internal": "2. Resume",
        "Lifespan": "2",
        "Category": "Confidential"
      },
      "status": "success"
    },
    {
      "filename": "resume.md",
      "path": "vmr_downloads\\HR\\Live Employee\\1997\\11_Nov\\E TAMILSELVEN (13356)\\internal Use\\resume.md",
      "metadata": {
        "Classification": "HR - Recruitment",
        "Document Sub Type": "1. Photograph",
        "Quick Reference": "resume md",
        "Document Date": "15-Jan-2026",
        "Expiry Date": "16-Jan-2028 00:00:00",
        "Offsite Location": "resume_land",
        "On-Premises Location": "resume_park",
        "Remarks": "ver_bad",
        "Keywords": "django ,flask",
        "Document Type": "pdf",
        "Document SubType Internal": "1. Photograph",
        "Lifespan": "2",
        "Category": "Confidential"
      },
      "status": "success"
    },
    {
      "filename": "Sahil_Jadhav_Resume (6).pdf",
      "path": "vmr_downloads\\HR\\Live Employee\\1997\\11_Nov\\E TAMILSELVEN (13356)\\internal Use\\Sahil_Jadhav_Resume (6).pdf",
      "metadata": {
        "Classification": "HR - Recruitment",
        "Document Sub Type": "2. Resume",
        "Quick Reference": "sahil jadhav resume",
        "Document Date": "13-Jan-2026",
        "Expiry Date": "16-Jan-2029 00:00:00",
        "Offsite Location": "sahil_land",
        "On-Premises Location": "sahil_park",
        "Remarks": "very_good",
        "Keywords": "sahil , jadhav",
        "Document Type": "pdf",
        "Document SubType Internal": "2. Resume",
        "Lifespan": "3",
        "Category": "Confidential"
      },
      "status": "success"
    },
    {
      "filename": "demo_Invoice.pdf",
      "path": "vmr_downloads\\HR\\Seperated Employee\\1999\\11_Nov\\E_DEVRAM(23234)\\Internal Use\\demo_Invoice.pdf",
      "metadata": {
        "Classification": "HR - Recruitment",
        "Document Sub Type": "2. Resume",
        "Quick Reference": "Demo_info",
        "Document Date": "12-Jan-2026",
        "Expiry Date": "16-Jan-2029 00:00:00",
        "Offsite Location": "demo_land",
        "On-Premises Location": "demo_park",
        "Remarks": "very_bad",
        "Keywords": "invoice",
        "Document Type": "pdf",
        "Document SubType Internal": "2. Resume",
        "Lifespan": "3",
        "Category": "Confidential"
      },
      "status": "success"
    },
    {
      "filename": "superstore (Repaired).xlsx",
      "path": "vmr_downloads\\HR\\Seperated Employee\\1999\\12_Nov\\E SAIRAJ(27364)\\Internal Use\\superstore (Repaired).xlsx",
      "metadata": {
        "Classification": "HR - Recruitment",
        "Document Sub Type": "8. Medical Records",
        "Quick Reference": "superstore_xlsx",
        "Document Date": "09-Jan-2026",
        "Expiry Date": "16-Jan-2031 00:00:00",
        "Offsite Location": "superstore_land",
        "On-Premises Location": "superstore_park",
        "Remarks": "very_good",
        "Keywords": "supersore",
        "Document Type": "pdf",
        "Document SubType Internal": "8. Medical Records",
        "Lifespan": "5",
        "Category": "Confidential"
      },
      "status": "success"
    }
  ]
}